kind,name,steps,strategy,median_ms,p10_ms,p90_ms,tokens_per_second,timings_ms,compilation_seconds,peak_process_rss_mib,compiled_temp_bytes,compiled_argument_bytes,compiled_output_bytes,memory_note,backend,devices,length,batch,extrapolates_training_length
ar,ar_s0,64,cached_causal,1.9095840107183903,1.8946840078569949,1.9643829960841686,33515.152850448845,"[1.9910830014850944, 1.9095840107183903, 1.9243329879827797, 1.8997089937329292, 1.8913340172730386]",0.25026050000451505,240.84375,126336,945284,256,"Fresh-process CPU RSS high-water mark includes Python, JAX and compilation; not GPU VRAM or inference-only memory",cpu,['TFRT_CPU_0'],64,1,False
mdlm,mdlm_s0,4,ancestral,2.677457989193499,2.6692170125897974,2.8396670008078218,23903.26954085207,"[2.9426669934764504, 2.672667003935203, 2.666917018359527, 2.677457989193499, 2.6851670118048787]",0.2637230829859618,238.75,410352,945284,256,"Fresh-process CPU RSS high-water mark includes Python, JAX and compilation; not GPU VRAM or inference-only memory",cpu,['TFRT_CPU_0'],64,1,False
mdlm,mdlm_s0,8,ancestral,5.368334008380771,5.2998997969552875,5.504099786048755,11921.761928390903,"[5.582082987530157, 5.273582995869219, 5.33937499858439, 5.368334008380771, 5.387124983826652]",0.27522504099761136,240.21875,410352,945284,256,"Fresh-process CPU RSS high-water mark includes Python, JAX and compilation; not GPU VRAM or inference-only memory",cpu,['TFRT_CPU_0'],64,1,False
mdlm,mdlm_s0,16,ancestral,10.15424999059178,9.911274816840887,10.593424795661122,6302.779630134963,"[10.787957988213748, 10.301625006832182, 10.15424999059178, 9.977000008802861, 9.867458022199571]",0.2675967910035979,242.328125,410352,945284,256,"Fresh-process CPU RSS high-water mark includes Python, JAX and compilation; not GPU VRAM or inference-only memory",cpu,['TFRT_CPU_0'],64,1,False
mdlm,mdlm_s0,32,ancestral,19.584958004998043,18.97359980503097,20.70386601262726,3267.814002137116,"[21.34141602437012, 18.912833009380847, 19.06474999850616, 19.74754099501297, 19.584958004998043]",0.2658464999985881,239.734375,410416,945284,256,"Fresh-process CPU RSS high-water mark includes Python, JAX and compilation; not GPU VRAM or inference-only memory",cpu,['TFRT_CPU_0'],64,1,False
mdlm,mdlm_s0,64,ancestral,40.0308340031188,39.01520001236349,41.579533397452906,1598.767589878686,"[42.063667002366856, 40.85333299008198, 39.39912500209175, 38.75925001921132, 40.0308340031188]",0.25637479199212976,242.78125,410544,945284,256,"Fresh-process CPU RSS high-water mark includes Python, JAX and compilation; not GPU VRAM or inference-only memory",cpu,['TFRT_CPU_0'],64,1,False
mdlm,mdlm_s0,4,confidence,2.941167011158541,2.8146002208814025,3.0372170032933354,21760.069984869737,"[3.0881669954396784, 2.960792015073821, 2.941167011158541, 2.8081670170649886, 2.8242500266060233]",0.2556136670173146,241.765625,410416,945284,256,"Fresh-process CPU RSS high-water mark includes Python, JAX and compilation; not GPU VRAM or inference-only memory",cpu,['TFRT_CPU_0'],64,1,False
mdlm,mdlm_s0,8,confidence,5.544249986996874,5.510966607835144,5.656900000758469,11543.491031266893,"[5.68050000583753, 5.530291993636638, 5.544249986996874, 5.621499993139878, 5.498083017300814]",0.25483770898426883,240.96875,410416,945284,256,"Fresh-process CPU RSS high-water mark includes Python, JAX and compilation; not GPU VRAM or inference-only memory",cpu,['TFRT_CPU_0'],64,1,False
mdlm,mdlm_s0,16,confidence,10.625499999150634,10.297533206176013,10.96786679700017,6023.245965377248,"[11.083749996032566, 10.794041998451576, 10.625499999150634, 10.35270799184218, 10.260750015731901]",0.2513130830193404,240.578125,410416,945284,256,"Fresh-process CPU RSS high-water mark includes Python, JAX and compilation; not GPU VRAM or inference-only memory",cpu,['TFRT_CPU_0'],64,1,False
mdlm,mdlm_s0,32,confidence,20.911375002469867,20.729857811238617,21.796825004275888,3060.5352346481704,"[22.12062501348555, 20.766333007486537, 21.311124990461394, 20.705541013740003, 20.911375002469867]",0.25398433301597834,238.9375,410480,945284,256,"Fresh-process CPU RSS high-water mark includes Python, JAX and compilation; not GPU VRAM or inference-only memory",cpu,['TFRT_CPU_0'],64,1,False
mdlm,mdlm_s0,64,confidence,44.94329102453776,41.67759139672853,45.96261699916795,1424.0167673759765,"[46.01866699522361, 45.878542005084455, 44.94329102453776, 41.819042002316564, 41.583290993003175]",0.27881350001553074,228.65625,410608,945284,256,"Fresh-process CPU RSS high-water mark includes Python, JAX and compilation; not GPU VRAM or inference-only memory",cpu,['TFRT_CPU_0'],64,1,False
ar,ar_s0,128,cached_causal,4.739958007121459,4.716091608861461,4.792908002855256,27004.458648724074,"[4.822957998840138, 4.739958007121459, 4.724166996311396, 4.747833008877933, 4.710708017228171]",0.24432120798155665,237.0,250368,945284,512,"Fresh-process CPU RSS high-water mark includes Python, JAX and compilation; not GPU VRAM or inference-only memory",cpu,['TFRT_CPU_0'],128,1,False
mdlm,mdlm_s0,4,ancestral,5.038624978624284,4.907233006088063,5.379117000848055,25403.756092787906,"[5.396666994784027, 5.352792009944096, 5.038624978624284, 4.966332984622568, 4.867833020398393]",0.26406387498718686,242.828125,1139440,945284,512,"Fresh-process CPU RSS high-water mark includes Python, JAX and compilation; not GPU VRAM or inference-only memory",cpu,['TFRT_CPU_0'],128,1,False
mdlm,mdlm_s0,8,ancestral,10.823166987393051,10.102274792734534,11.206650192616507,11826.482964653125,"[11.031875008484349, 11.323166982037947, 10.823166987393051, 10.221250005997717, 10.022957983892411]",0.288711000001058,244.734375,1139440,945284,512,"Fresh-process CPU RSS high-water mark includes Python, JAX and compilation; not GPU VRAM or inference-only memory",cpu,['TFRT_CPU_0'],128,1,False
mdlm,mdlm_s0,16,ancestral,18.44304200494662,18.19248401443474,19.415741186821833,6940.286746929766,"[19.84195798286237, 18.77641599276103, 18.251209025038406, 18.44304200494662, 18.15333400736563]",0.268511458998546,243.078125,1139440,945284,512,"Fresh-process CPU RSS high-water mark includes Python, JAX and compilation; not GPU VRAM or inference-only memory",cpu,['TFRT_CPU_0'],128,1,False
mdlm,mdlm_s0,32,ancestral,36.84762501507066,35.93305819667876,37.926366593455896,3473.765268389701,"[38.643416977720335, 36.384458013344556, 36.85079101705924, 36.84762501507066, 35.632124985568225]",0.25689237500773743,241.40625,1139504,945284,512,"Fresh-process CPU RSS high-water mark includes Python, JAX and compilation; not GPU VRAM or inference-only memory",cpu,['TFRT_CPU_0'],128,1,False
mdlm,mdlm_s0,64,ancestral,73.45995801733807,72.63713339925744,76.21974959620275,1742.4458637696112,"[77.41641599568538, 72.72533400100656, 74.42474999697879, 72.57833299809135, 73.45995801733807]",0.2746329999936279,242.390625,1139632,945284,512,"Fresh-process CPU RSS high-water mark includes Python, JAX and compilation; not GPU VRAM or inference-only memory",cpu,['TFRT_CPU_0'],128,1,False
mdlm,mdlm_s0,4,confidence,5.508959002327174,5.177625210490078,5.590525415027514,23234.879756035287,"[5.636709014652297, 5.52125001559034, 5.508959002327174, 5.390750011429191, 5.0355420098640025]",0.25692695801262744,239.6875,1139504,945284,512,"Fresh-process CPU RSS high-water mark includes Python, JAX and compilation; not GPU VRAM or inference-only memory",cpu,['TFRT_CPU_0'],128,1,False
mdlm,mdlm_s0,8,confidence,10.615667008096352,10.022100392961875,11.113000399200246,12057.650254324764,"[10.95424999948591, 10.615667008096352, 10.180375014897436, 9.916583978338167, 11.218833999009803]",0.2582344170077704,244.046875,1139504,945284,512,"Fresh-process CPU RSS high-water mark includes Python, JAX and compilation; not GPU VRAM or inference-only memory",cpu,['TFRT_CPU_0'],128,1,False
mdlm,mdlm_s0,16,confidence,20.15600001323037,19.8668495984748,21.070924802916124,6350.46635820505,"[21.670207992428914, 19.85866599716246, 20.15600001323037, 19.87912500044331, 20.17200001864694]",0.25923420902108774,241.65625,1139504,945284,512,"Fresh-process CPU RSS high-water mark includes Python, JAX and compilation; not GPU VRAM or inference-only memory",cpu,['TFRT_CPU_0'],128,1,False
mdlm,mdlm_s0,32,confidence,39.70545800984837,38.59084980213083,40.57418321026489,3223.7381563071613,"[41.06600000523031, 38.69250000570901, 39.70545800984837, 39.83645801781677, 38.523082999745384]",0.26188754101167433,241.6875,1139568,945284,512,"Fresh-process CPU RSS high-water mark includes Python, JAX and compilation; not GPU VRAM or inference-only memory",cpu,['TFRT_CPU_0'],128,1,False
mdlm,mdlm_s0,64,confidence,78.9214999822434,76.34516719263047,79.01120841270313,1621.8647647193577,"[75.53283398738131, 78.93545902334154, 77.56366700050421, 78.9214999822434, 79.06170800561085]",0.2665097920107655,243.375,1139696,945284,512,"Fresh-process CPU RSS high-water mark includes Python, JAX and compilation; not GPU VRAM or inference-only memory",cpu,['TFRT_CPU_0'],128,1,False
ar,ar_s0,128,cached_causal,52.79816599795595,52.40387479425408,56.536933401366696,38789.226127272814,"[55.543583002872765, 52.636624983279034, 52.79816599795595, 52.248708001570776, 57.19916700036265]",0.2581939999945462,252.078125,3993400,945284,8192,"Fresh-process CPU RSS high-water mark includes Python, JAX and compilation; not GPU VRAM or inference-only memory",cpu,['TFRT_CPU_0'],128,16,False
mdlm,mdlm_s0,4,ancestral,47.851249983068556,47.111749614123255,49.98810019460507,42799.29992893925,"[46.71541601419449, 49.68612498487346, 50.18941700109281, 47.851249983068556, 47.706250014016405]",0.2988530839793384,275.1875,13550320,945284,8192,"Fresh-process CPU RSS high-water mark includes Python, JAX and compilation; not GPU VRAM or inference-only memory",cpu,['TFRT_CPU_0'],128,16,False
mdlm,mdlm_s0,8,ancestral,92.7167919871863,92.56447518710047,93.3618750073947,22088.771150354714,"[92.66299998853356, 92.49879198614508, 93.49512500921264, 92.7167919871863, 93.16200000466779]",0.2838214999937918,276.734375,13550320,945284,8192,"Fresh-process CPU RSS high-water mark includes Python, JAX and compilation; not GPU VRAM or inference-only memory",cpu,['TFRT_CPU_0'],128,16,False
mdlm,mdlm_s0,16,ancestral,187.37800000235438,186.75691640237346,189.43820800632238,10929.778308949115,"[189.002833008999, 189.72845800453797, 187.37800000235438, 186.88179200398736, 186.67366600129753]",0.3268688330135774,276.640625,13550320,945284,8192,"Fresh-process CPU RSS high-water mark includes Python, JAX and compilation; not GPU VRAM or inference-only memory",cpu,['TFRT_CPU_0'],128,16,False
mdlm,mdlm_s0,32,ancestral,405.5542499991134,371.94597480702214,423.3211913960986,5049.879270170334,"[371.682958008023, 372.3405000055209, 405.5542499991134, 435.15537498751655, 405.56991600897163]",0.28198220799095,282.46875,13550384,945284,8192,"Fresh-process CPU RSS high-water mark includes Python, JAX and compilation; not GPU VRAM or inference-only memory",cpu,['TFRT_CPU_0'],128,16,False
mdlm,mdlm_s0,64,ancestral,744.424375006929,742.3664084111806,778.8311082171276,2751.118943386207,"[742.4484590010252, 742.3117080179509, 788.2201250176877, 764.7475830162875, 744.424375006929]",0.291781332984101,282.34375,13550512,945284,8192,"Fresh-process CPU RSS high-water mark includes Python, JAX and compilation; not GPU VRAM or inference-only memory",cpu,['TFRT_CPU_0'],128,16,False
mdlm,mdlm_s0,4,confidence,56.50329199852422,52.45051620877348,58.05035020457581,36245.675739627535,"[52.79391602380201, 52.22158299875446, 58.38766699889675, 57.544375013094395, 56.50329199852422]",0.2881275420077145,286.15625,13550448,945284,8192,"Fresh-process CPU RSS high-water mark includes Python, JAX and compilation; not GPU VRAM or inference-only memory",cpu,['TFRT_CPU_0'],128,16,False
mdlm,mdlm_s0,8,confidence,103.6482920171693,103.23670860962011,104.73404199583456,19759.12926438527,"[103.6482920171693, 103.34695799974725, 104.14191699237563, 105.12879199814051, 103.16320901620202]",0.2852806670125574,271.4375,13550448,945284,8192,"Fresh-process CPU RSS high-water mark includes Python, JAX and compilation; not GPU VRAM or inference-only memory",cpu,['TFRT_CPU_0'],128,16,False
mdlm,mdlm_s0,16,confidence,205.82200001808815,204.96188318938948,207.5252254086081,9950.345443247159,"[207.56820900714956, 205.05433299695142, 207.4607500107959, 204.9002499843482, 205.82200001808815]",0.2914618749928195,278.375,13550448,945284,8192,"Fresh-process CPU RSS high-water mark includes Python, JAX and compilation; not GPU VRAM or inference-only memory",cpu,['TFRT_CPU_0'],128,16,False
mdlm,mdlm_s0,32,confidence,412.47916701831855,410.7323749864008,413.22939180536196,4965.099243203831,"[413.57120900647715, 412.47916701831855, 411.12799997790717, 410.46862499206327, 412.71666600368917]",0.28933624998899177,282.234375,13550512,945284,8192,"Fresh-process CPU RSS high-water mark includes Python, JAX and compilation; not GPU VRAM or inference-only memory",cpu,['TFRT_CPU_0'],128,16,False
mdlm,mdlm_s0,64,confidence,820.9517920040525,814.781925198622,847.8959831991233,2494.6653627499363,"[853.9309999905527, 815.3686250152532, 820.9517920040525, 838.8434580119792, 814.3907919875346]",0.28676329099107534,276.671875,13550640,945284,8192,"Fresh-process CPU RSS high-water mark includes Python, JAX and compilation; not GPU VRAM or inference-only memory",cpu,['TFRT_CPU_0'],128,16,False
ar,ar_s0,256,cached_causal,154.93820802657865,154.08894960419275,157.50777500797994,26436.34550941339,"[153.9911660074722, 154.93820802657865, 158.9876250072848, 155.28800000902265, 154.23562499927357]",0.25388033300987445,261.34375,7967032,945284,16384,"Fresh-process CPU RSS high-water mark includes Python, JAX and compilation; not GPU VRAM or inference-only memory",cpu,['TFRT_CPU_0'],256,16,True
mdlm,mdlm_s0,4,ancestral,145.82762500504032,139.37410820508376,154.64076660573483,28087.956584758394,"[140.87445801123977, 145.82762500504032, 157.7715830062516, 149.94454200495966, 138.37387500097975]",0.2920247500005644,347.046875,44663536,945284,16384,"Fresh-process CPU RSS high-water mark includes Python, JAX and compilation; not GPU VRAM or inference-only memory",cpu,['TFRT_CPU_0'],256,16,True
mdlm,mdlm_s0,8,ancestral,243.05487499805167,241.7596334067639,245.47069980180822,16852.161471901494,"[243.05487499805167, 246.9830829941202, 242.774084006669, 241.08333300682716, 243.20212501334026]",0.29543233397998847,354.859375,44663536,945284,16384,"Fresh-process CPU RSS high-water mark includes Python, JAX and compilation; not GPU VRAM or inference-only memory",cpu,['TFRT_CPU_0'],256,16,True
mdlm,mdlm_s0,16,ancestral,488.4179590153508,482.8603587986436,490.26553340954706,8386.26001438916,"[481.546791997971, 490.9351670066826, 489.26108301384374, 488.4179590153508, 484.8307089996524]",0.29663774999789894,365.25,44663536,945284,16384,"Fresh-process CPU RSS high-water mark includes Python, JAX and compilation; not GPU VRAM or inference-only memory",cpu,['TFRT_CPU_0'],256,16,True
mdlm,mdlm_s0,32,ancestral,982.4837499763817,975.1962832000572,994.5545503869653,4169.025696453978,"[973.754500009818, 977.358957985416, 982.4837499763817, 988.3384999993723, 998.6985839786939]",0.2940728749963455,360.5625,44663600,945284,16384,"Fresh-process CPU RSS high-water mark includes Python, JAX and compilation; not GPU VRAM or inference-only memory",cpu,['TFRT_CPU_0'],256,16,True
mdlm,mdlm_s0,64,ancestral,2010.6202499882784,1977.407834015321,2021.1888331919909,2037.1823073123228,"[1962.775584019255, 1999.3562090094201, 2016.5798329981044, 2010.6202499882784, 2024.2614999879152]",0.2932860839937348,366.703125,44663728,945284,16384,"Fresh-process CPU RSS high-water mark includes Python, JAX and compilation; not GPU VRAM or inference-only memory",cpu,['TFRT_CPU_0'],256,16,True
mdlm,mdlm_s0,4,confidence,130.3201669943519,129.17018320877105,131.98898318223655,31430.285077654342,"[130.3201669943519, 132.35766597790644, 128.72500001685694, 129.83795799664222, 131.43595898873173]",0.2881853750150185,350.984375,44663664,945284,16384,"Fresh-process CPU RSS high-water mark includes Python, JAX and compilation; not GPU VRAM or inference-only memory",cpu,['TFRT_CPU_0'],256,16,True
mdlm,mdlm_s0,8,confidence,259.0987080184277,256.3587750075385,261.6533165797591,15808.646948979316,"[257.2308749950025, 262.0144169777632, 261.11166598275304, 255.7773750158958, 259.0987080184277]",0.28776291699614376,357.34375,44663664,945284,16384,"Fresh-process CPU RSS high-water mark includes Python, JAX and compilation; not GPU VRAM or inference-only memory",cpu,['TFRT_CPU_0'],256,16,True
mdlm,mdlm_s0,16,confidence,575.7748330070172,545.6535578181501,602.4691749946214,7113.8920376363185,"[575.7748330070172, 609.4546249951236, 591.9909999938682, 557.8658330196049, 537.5120410171803]",0.29013654199661687,318.390625,44663664,945284,16384,"Fresh-process CPU RSS high-water mark includes Python, JAX and compilation; not GPU VRAM or inference-only memory",cpu,['TFRT_CPU_0'],256,16,True
mdlm,mdlm_s0,32,confidence,1130.6322920136154,1105.0009165890515,1530.4964332084637,3622.751648730262,"[1645.667750010034, 1130.6322920136154, 1109.2914170003496, 1357.7394580061082, 1102.1405829815194]",0.6376554580056109,254.296875,44663728,945284,16384,"Fresh-process CPU RSS high-water mark includes Python, JAX and compilation; not GPU VRAM or inference-only memory",cpu,['TFRT_CPU_0'],256,16,True
mdlm,mdlm_s0,64,confidence,2409.6932079992257,2235.5774500058033,2502.0126080024056,1699.8014462600072,"[2449.9204580206424, 2409.6932079992257, 2536.7407079902478, 2195.07600000361, 2296.3296250090934]",0.3041252499970142,346.734375,44663856,945284,16384,"Fresh-process CPU RSS high-water mark includes Python, JAX and compilation; not GPU VRAM or inference-only memory",cpu,['TFRT_CPU_0'],256,16,True
